{
    "args": {
        "model": "cvcl_res",
        "batch_size": 64,
        "device": "cuda:1",
        "seed": 0,
        "trial_path": "trials/resized_object_0.json"
    },
    "overall_accuracy": 0.36158088235294117,
    "class_accuracy": {
        "airplane": 0.10588235294117647,
        "apple": 0.7764705882352941,
        "backpack": 0.3058823529411765,
        "bagel": 0.047058823529411764,
        "ball": 0.4588235294117647,
        "balloon": 0.32941176470588235,
        "basket": 0.07058823529411765,
        "bed": 0.4117647058823529,
        "bell": 0.5176470588235295,
        "bench": 0.35294117647058826,
        "bike": 0.25882352941176473,
        "bird": 0.36470588235294116,
        "bottle": 0.35294117647058826,
        "bowl": 0.4,
        "broom": 0.6588235294117647,
        "bucket": 0.36470588235294116,
        "butterfly": 0.788235294117647,
        "button": 0.32941176470588235,
        "cake": 0.5176470588235295,
        "camera": 0.16470588235294117,
        "cat": 0.7411764705882353,
        "chair": 0.6941176470588235,
        "cheese": 0.25882352941176473,
        "clock": 0.3058823529411765,
        "coin": 0.12941176470588237,
        "cookie": 0.2823529411764706,
        "crib": 0.8588235294117647,
        "desk": 0.25882352941176473,
        "dog": 0.6705882352941176,
        "fan": 0.023529411764705882,
        "guitar": 0.047058823529411764,
        "hairbrush": 0.07058823529411765,
        "hat": 0.6470588235294118,
        "jacket": 0.3764705882352941,
        "juice": 0.7294117647058823,
        "kayak": 0.12941176470588237,
        "key": 0.23529411764705882,
        "knife": 0.03529411764705882,
        "leaves": 0.4,
        "microwave": 0.27058823529411763,
        "necklace": 0.4823529411764706,
        "pants": 0.32941176470588235,
        "pen": 0.16470588235294117,
        "phone": 0.16470588235294117,
        "pipe": 0.2,
        "pizza": 0.023529411764705882,
        "ring": 0.6941176470588235,
        "rock": 0.43529411764705883,
        "sandwich": 0.5411764705882353,
        "scissors": 0.5882352941176471,
        "shoe": 0.15294117647058825,
        "socks": 0.38823529411764707,
        "sofa": 0.4588235294117647,
        "spoon": 0.18823529411764706,
        "stamp": 0.08235294117647059,
        "stool": 0.18823529411764706,
        "toothpaste": 0.35294117647058826,
        "train": 0.5529411764705883,
        "tree": 0.6235294117647059,
        "tricycle": 0.2823529411764706,
        "turtle": 0.5294117647058824,
        "tv": 0.5411764705882353,
        "umbrella": 0.15294117647058825,
        "watch": 0.2823529411764706
    }
}