{
    "args": {
        "model": "cvcl_res",
        "batch_size": 64,
        "device": "cuda:1",
        "seed": null,
        "trial_path": "trials/reported_trials_no_resize.json"
    },
    "overall_accuracy": 0.3710388247639035,
    "class_accuracy": {
        "airplane": 0.12,
        "apple": 0.3466666666666667,
        "backpack": 0.3333333333333333,
        "bagel": 0.4,
        "ball": 0.3333333333333333,
        "balloon": 0.29333333333333333,
        "basket": 0.68,
        "bed": 0.6133333333333333,
        "bell": 0.64,
        "bench": 0.4,
        "bike": 0.06666666666666667,
        "bird": 0.5,
        "bottle": 0.37333333333333335,
        "bowl": 0.22666666666666666,
        "broom": 0.84,
        "bucket": 0.29333333333333333,
        "butterfly": 0.7733333333333333,
        "button": 0.41333333333333333,
        "cake": 0.4266666666666667,
        "camera": 0.06666666666666667,
        "cat": 0.7333333333333333,
        "chair": 0.5733333333333334,
        "cheese": 0.37333333333333335,
        "clock": 0.5733333333333334,
        "coin": 0.13333333333333333,
        "cookie": 0.36,
        "crib": 0.6533333333333333,
        "desk": 0.09333333333333334,
        "dog": 0.8666666666666667,
        "fan": 0.29333333333333333,
        "guitar": 0.22666666666666666,
        "hairbrush": 0.04,
        "hat": 0.38666666666666666,
        "jacket": 0.24285714285714285,
        "juice": 0.64,
        "kayak": 0.22857142857142856,
        "key": 0.5466666666666666,
        "knife": 0.04,
        "leaves": 0.52,
        "microwave": 0.4,
        "necklace": 0.24,
        "pants": 0.5333333333333333,
        "pen": 0.37333333333333335,
        "phone": 0.22666666666666666,
        "pipe": 0.02666666666666667,
        "pizza": 0.12,
        "ring": 0.35714285714285715,
        "rock": 0.48,
        "sandwich": 0.5066666666666667,
        "scissors": 0.4666666666666667,
        "shoe": 0.25333333333333335,
        "socks": 0.4,
        "sofa": 0.18666666666666668,
        "spoon": 0.4533333333333333,
        "stamp": 0.14666666666666667,
        "stool": 0.13333333333333333,
        "toothpaste": 0.24,
        "train": 0.4,
        "tree": 0.7866666666666666,
        "tricycle": 0.29333333333333333,
        "turtle": 0.4266666666666667,
        "tv": 0.32,
        "umbrella": 0.14666666666666667,
        "watch": 0.16
    }
}