{
    "args": {
        "model": "cvcl_res",
        "batch_size": 64,
        "device": "cuda",
        "seed": 0,
        "trial_path": "trials/object_0.json"
    },
    "overall_accuracy": 0.37830882352941175,
    "class_accuracy": {
        "airplane": 0.18823529411764706,
        "apple": 0.5058823529411764,
        "backpack": 0.2823529411764706,
        "bagel": 0.4235294117647059,
        "ball": 0.35294117647058826,
        "balloon": 0.2,
        "basket": 0.5764705882352941,
        "bed": 0.5058823529411764,
        "bell": 0.6,
        "bench": 0.24705882352941178,
        "bike": 0.047058823529411764,
        "bird": 0.36470588235294116,
        "bottle": 0.29411764705882354,
        "bowl": 0.25882352941176473,
        "broom": 0.788235294117647,
        "bucket": 0.3764705882352941,
        "butterfly": 0.8352941176470589,
        "button": 0.4235294117647059,
        "cake": 0.43529411764705883,
        "camera": 0.0,
        "cat": 0.7058823529411765,
        "chair": 0.5764705882352941,
        "cheese": 0.36470588235294116,
        "clock": 0.5411764705882353,
        "coin": 0.17647058823529413,
        "cookie": 0.49411764705882355,
        "crib": 0.7529411764705882,
        "desk": 0.16470588235294117,
        "dog": 0.8,
        "fan": 0.3411764705882353,
        "guitar": 0.25882352941176473,
        "hairbrush": 0.023529411764705882,
        "hat": 0.47058823529411764,
        "jacket": 0.27058823529411763,
        "juice": 0.7411764705882353,
        "kayak": 0.15294117647058825,
        "key": 0.5058823529411764,
        "knife": 0.047058823529411764,
        "leaves": 0.5176470588235295,
        "microwave": 0.5529411764705883,
        "necklace": 0.18823529411764706,
        "pants": 0.5294117647058824,
        "pen": 0.3176470588235294,
        "phone": 0.18823529411764706,
        "pipe": 0.09411764705882353,
        "pizza": 0.23529411764705882,
        "ring": 0.36470588235294116,
        "rock": 0.6,
        "sandwich": 0.6235294117647059,
        "scissors": 0.43529411764705883,
        "shoe": 0.2,
        "socks": 0.43529411764705883,
        "sofa": 0.3058823529411765,
        "spoon": 0.29411764705882354,
        "stamp": 0.1411764705882353,
        "stool": 0.15294117647058825,
        "toothpaste": 0.23529411764705882,
        "train": 0.5411764705882353,
        "tree": 0.7176470588235294,
        "tricycle": 0.3058823529411765,
        "turtle": 0.4470588235294118,
        "tv": 0.32941176470588235,
        "umbrella": 0.2,
        "watch": 0.16470588235294117
    }
}